{"cameraMode":{"drawMode":0,"name":"Shaded","section":"Shading Mode"},"sceneLighting":true,"audioPlay":false,"sceneViewState":{"m_AlwaysRefresh":false,"showFog":true,"showSkybox":true,"showFlares":true,"showImageEffects":true,"showParticleSystems":true,"showVisualEffectGraphs":true,"m_FxEnabled":true},"in2DMode":false,"pivot":{"x":-27.34134864807129,"y":19.021575927734376,"z":-2.6381072998046877},"rotation":{"x":-0.04334438592195511,"y":-0.2115209996700287,"z":-0.009607397951185704,"w":0.9764167666435242},"size":10.063278198242188,"orthographic":false}