{"cameraMode":{"drawMode":0,"name":"Shaded","section":"Shading Mode"},"sceneLighting":true,"audioPlay":false,"sceneViewState":{"m_AlwaysRefresh":false,"showFog":true,"showSkybox":true,"showFlares":true,"showImageEffects":true,"showParticleSystems":true,"showVisualEffectGraphs":true,"m_FxEnabled":true},"in2DMode":false,"pivot":{"x":-0.8822414875030518,"y":11.210800170898438,"z":2.6758229732513429},"rotation":{"x":0.07460319250822067,"y":0.43451038002967837,"z":-0.03638001158833504,"w":0.8968943357467651},"size":12.948708534240723,"orthographic":false}